<component>
	<consts>
		<color name="light_blue" value="0xbbbbff"/>
		<color name="dark_blue" value="0x000080"/>
	</consts>

	<styles>
		<style name="btn_style" bg_color="#dark_blue" bg_opa="150"/>
		<style name="btn_pr_style" bg_opa="255"/>
	</styles>

	<view extends="lv_obj" name="main" width="280" height="content" style_bg_color="#light_blue"
        style_layout="grid" style_grid_column_dsc_array="100 fr(1)" style_grid_row_dsc_array="50 200"

    >
        <lv_obj style_grid_cell_column_pos="0" style_grid_cell_column_span="1" style_grid_cell_x_align="stretch"
                style_grid_cell_row_pos="0" style_grid_cell_row_span="1"  style_grid_cell_y_align="stretch">
            <lv_label text="0/0"/>
        </lv_obj>
        <lv_obj style_grid_cell_column_pos="0" style_grid_cell_column_span="1" style_grid_cell_x_align="stretch"
                style_grid_cell_row_pos="1" style_grid_cell_row_span="1"  style_grid_cell_y_align="stretch">
            <lv_label text="0/1"/>
        </lv_obj>
        <lv_obj style_grid_cell_column_pos="1" style_grid_cell_column_span="1" style_grid_cell_x_align="stretch"
                style_grid_cell_row_pos="0" style_grid_cell_row_span="1"  style_grid_cell_y_align="stretch">
            <lv_label text="1/0"/>
        </lv_obj>
        <lv_obj style_grid_cell_column_pos="1" style_grid_cell_column_span="1" style_grid_cell_x_align="stretch"
                style_grid_cell_row_pos="1" style_grid_cell_row_span="1"  style_grid_cell_y_align="stretch">
            <lv_label text="1/1"/>
        </lv_obj>

	</view>
</component>